"Year","ANC","BIL","BLF","BMS","BPF","BSB","BUT","CLA","COD","DOG","DRM","DSH","FDE","FDF","FLA","FOU","GOO","HAD","HAL","HER","ISQ","LOB","LSK","LSQ","MAK","MEN","MPF","NSH","OHK","OPT","OSH","PLA","POL","PSH","QHG","RCB","RED","REP","RHK","SCU","SDF","SHK","SK","SMO","SSH","STB","SUF","TAU","TUN","TYL","WHK","WIF","WOL","WPF","WSK","WTF","YTF","SCA"
1963,NA,NA,7552.5374537037,0,4861182.02344317,111257.670500744,6447481.87900346,NA,56371390.0018872,139732454.090615,NA,17752.8156142857,2817797.35323433,12207719.9115061,29801.8279100529,3127569.7551439,13031315.2320332,207698339.3352,874640.94807197,13576442.7324251,0,0,18476194.4941784,0,157665.191762814,8147.29800595238,0,0,81779.3374886364,3150596.36329299,0,13492871.5158887,59595373.7089025,NA,NA,NA,59696569.3728673,NA,25902751.8250303,932270.364904762,158514.971449134,45792460.4081494,28165403.3039812,1027979.61931887,NA,NA,441845.331632672,64609.9233958333,NA,27516.9407625,16528587.535841,8904453.47108955,307302.393687342,3899075.12581739,28098572.5900728,6000914.10787833,28750858.4341127,NA
1964,NA,NA,75785.7233754579,4650712.32523569,2224591.08836951,49441.8279722222,6429004.4984676,NA,79101142.507347,148657548.786842,NA,14241.7968974359,3094230.34616458,12647617.328032,19823.4256932881,2587887.17628568,15609445.9993057,264529325.014187,1702039.47527869,810057.170235809,514608.571641468,2163574.52636263,9131069.10689937,252942.362729244,91972.5394179182,NA,0,NA,108098.949665774,11369844.9420485,3622.8361,13096117.5359669,67485974.1606118,NA,NA,NA,62566489.200525,NA,19143439.0668726,1353986.19255701,145385.641261555,24358945.4690336,31949689.942351,434945.768958333,NA,NA,956144.877775718,NA,NA,89702.4332179487,17812562.9834381,10477395.9523154,684960.568057107,2679759.32432253,20736087.0774275,5234760.56730116,25709541.9800492,NA
1965,0,NA,NA,2904315.17458361,1149412.08879008,9363.75701388889,6078294.12759736,NA,78079774.6847166,125287699.956287,NA,20040.5241527778,12860791.5573631,14414071.1058177,0,2728525.78642572,12123771.0949499,296929081.801742,473192.361208984,3488872.2545745,171590.627795584,3719911.06063397,20322638.7705925,1292130.96969525,527381.632904029,NA,842.589263888889,NA,144080.382247222,13084071.8387631,244040.376279293,12793931.5487357,36081940.3311176,NA,NA,NA,114532420.395537,NA,16812222.9586038,315116.269181517,56670.9644438034,22866551.9879987,32814565.1348406,NA,NA,NA,191382.707366579,NA,NA,76226.0435833333,13753441.7802081,12763660.2817221,2721270.36200887,1663025.8836508,20267834.9938959,6620939.46050546,24618923.3361353,NA
1966,NA,NA,126410.7196875,2364818.59932143,706928.651385327,NA,1681367.53042226,NA,100110800.358525,92727224.652816,NA,11397.7813912037,1470796.33529401,38746507.538804,0,2121334.09215741,31393380.2956784,133527146.03784,607115.363882065,3022925.58514972,111175.910419345,4429954.75322368,44241132.0847302,0,242577.338787771,NA,0,NA,220266.061508929,28442419.2164548,1060508.15498194,16175236.5520215,62955621.1850368,NA,NA,NA,56361516.1788102,NA,9443363.69909709,316529.2265625,56071.3381645833,10293719.6923842,45837606.5876686,NA,NA,NA,392891.731893519,NA,NA,126958.764244048,20179011.8528137,13735514.5046435,2445257.38976772,4366458.06550293,22423377.4887651,13011912.6464119,19979837.8277152,5427321.14597646
1967,NA,NA,381229.905881696,76525.2669791667,298648.09791632,391065.200261905,7730208.95493747,NA,53398543.3560929,201814484.87777,75886.626,1340294.08125344,3470140.81318773,160085004.313568,104986.026811111,1362015.72552617,7046509.44091266,102278855.950203,675945.6511875,1655062.27073429,1416804.48276326,5045846.10807779,13528251.1350291,18287448.403037,1635382.64359838,27125.3345357143,23449.5867222222,NA,24652.435,1327687.70246875,7099806.43022421,10252049.635155,19822226.3159181,703205.34915,NA,7190.29354166667,59305515.1117786,NA,6610765.1358035,3864628.6725714,93199.9000972222,12946331.0960391,17094405.4789041,10257155.9486863,788388.444116667,NA,2441292.36850481,NA,NA,NA,11737428.9178986,8617003.02194674,1595278.12387222,5835666.32745959,13062676.6973623,4306174.18179433,33654224.7807745,NA
1968,NA,33859.1369479167,28425.0045984848,11643.4316225962,606784.586727927,332949.083825397,18912553.7661389,NA,60746400.963262,146957436.232451,NA,188309.289935268,5148621.23399531,29658215.992988,17322.2061388889,1577001.63864825,8063820.33025706,81549974.9143628,617117.177844618,8079809.17562212,979045.211504735,3468628.52879572,10618657.1775488,21107633.747761,9410546.50880785,0,1250.48583333333,NA,48432.826265377,7696887.77616855,10536021.8107879,12210117.5189065,40450789.0614275,695236.628177083,NA,NA,57466297.1795188,NA,9084396.80566435,3665298.96405527,4638.28163690476,13297534.1626537,21350868.9503769,2819793.45891852,NA,NA,1288051.24653715,NA,NA,72091.7842976191,9575407.18571101,7671116.42301438,2338802.05466917,3774803.32776864,12228005.9856043,8568639.90440666,40064304.9379616,NA
1969,111294.940507937,NA,666534.639419841,0,677098.476180132,435539.555987912,12398536.664828,NA,60882478.1992893,157864223.439672,54778.4251333333,791011.844111169,7736092.5394864,23518337.0442765,36871.0072200727,1247711.81863456,9306213.64651694,63809148.4238157,1128301.71773252,4440403.43935859,3622211.56647031,4087847.80377304,14485320.062336,18276293.821651,6330324.00915533,NA,217099.227402778,NA,50145.9705902778,7336939.82938389,6712731.823116,10214081.3347498,67788773.645339,547303.545090909,NA,0,74824387.9899774,NA,9237054.76510533,3976065.40030332,5064.467625,9797734.98266106,31999841.7506781,1040003.04438825,189415.427595238,NA,560384.690144115,NA,NA,3926.79016975309,22636871.3847497,10123964.4428481,3296513.82381972,2722434.92730104,18294480.1446315,8277876.33828292,35648063.9212629,NA
1970,NA,NA,113302.948541667,2234.796825,3481270.48860958,242099.671759524,4557371.11159993,NA,62444797.3766676,115201443.972692,266351.249489583,727247.22947963,10110020.1772962,39064649.540692,66855.3474146801,1081576.47859211,9700399.87624229,62984960.6983899,823938.956122716,1894653.38460108,987995.148131917,2838554.96485351,10705711.2929654,9806247.59376927,4715687.46981558,NA,1045.048875,13686.12084375,87107.2268757937,7640412.30648788,3793063.04567903,7891348.37545797,39071949.6328858,NA,NA,3081.554375,73502772.2627295,NA,7768818.98471596,5372994.25242305,7143.08132142857,16587710.8524356,34409802.3133781,65227.127475,NA,NA,237912.968629167,52155.9777,NA,32155.35,32713997.1107007,11284713.0709416,4899963.61589714,2262161.06295749,17082473.4624773,10084968.7252527,30847494.644846,NA
1971,8431.84733333333,NA,1299339.99349238,1310.03277777778,1452137.24272302,142361.294679212,9329827.32769868,NA,62347129.4606982,117784657.462349,38786.4977333333,954222.970889942,8552685.44881869,18937533.6496207,41245.1910694444,1042011.76721517,7881864.31877255,51674906.1315129,446881.953972222,1520884.41074946,1157934.44187906,3361063.51764114,18550294.71158,11395844.3925684,6335053.05793292,0,6847.89861111111,NA,40346.0322083333,3233220.34094025,3539332.41497533,5968861.32304348,47173290.9680581,NA,NA,NA,104908985.158012,NA,12259766.8172806,4784898.37108284,6886.604125,12671230.8376713,33555563.2977125,1908936.84417244,NA,NA,598662.018029641,NA,NA,511722.621777778,22802270.0338027,5873023.53520381,3685762.74790849,2295238.19406261,15214215.3588558,6601973.82903294,23261578.2298285,NA
1972,2319634.84542361,NA,2621620.01102647,148592.328661458,33730197.1700452,1477679.73522629,17135016.9921261,NA,77242190.3293627,246627799.456699,19360912.3450882,1283538.0028502,2678504.51226204,33490620.5324742,223450.320602247,2493421.37664763,21070618.6194369,43444136.2656047,810885.024526587,772127.551572089,1057611.08520345,3864212.72178228,22146725.0844777,28895876.6087173,3328379.43976096,6451.91143055556,108765.471375,NA,325086.747972281,7988718.25560197,3365286.9387042,6095579.28737242,65947843.006256,3359073.35618542,NA,74332.0254146826,71910119.4626869,NA,16746650.6816446,8539972.58618742,89851.9732247316,16765851.2950485,33121621.7133549,5330059.81126661,2689765.25402778,55378.6583333333,1426562.43864082,34845.3832152778,0,49647.2649305556,33018817.9168325,11509193.2604497,2736490.20720139,6658424.24734988,29551499.9113832,9192148.34924994,43434830.5617766,NA
1973,364759.392149161,NA,1762655.46930988,48095.6629592262,1230458.18494958,613685.107390818,18264338.7185601,NA,133546489.181407,266017240.624305,17060547.274333,2946229.7851306,12544517.1773421,110261181.477763,219240.882882176,2002660.07634895,14508797.5765693,57400757.3544314,892752.234857396,3883778.94310212,1230777.36815602,2740030.21145339,17141115.0495862,29734650.9944826,42627103.970831,21528.5597609127,0,NA,243938.151769097,5312476.07090592,2244656.11622457,8641020.87817235,59248006.5000568,1058842.39301141,NA,485291.966149306,113027045.504168,NA,17436068.7327515,4918675.41102799,681465.250349436,22503451.0050075,35955237.0978599,12629238.7821842,727864.305958201,79246.860075,2644129.43542424,61026.6860138889,0,59496.3295416667,32219238.8879495,5102021.60207654,4956455.37031676,11762651.076958,24565895.6837699,12251605.0062158,15396460.3873682,NA
1974,1087628.90556294,NA,4319474.61523976,69302.3714854167,1096664.50686142,2051326.18733634,11656209.8492864,NA,65936279.9233654,208728877.507186,9857433.4537172,3411333.35573477,6065759.2265725,30209727.4661502,68128.7756440972,1792636.27011437,8397147.74234891,47501749.4055936,1287973.19815884,2333328.21660661,1811626.40333129,2919456.4225497,9350376.86021301,31556857.5075955,4267392.39692853,22879.4247291667,4805.43841666667,NA,264086.019922619,2820555.49866181,2352009.9307999,7147054.62525645,54305711.4755697,200567.506951389,NA,221531.888413826,50239592.200594,NA,10095336.0437041,7103317.94174507,282798.586611439,17260679.6192828,26686322.7807055,43116826.8726856,340582.321566667,48481.3357583333,4367846.74506652,10865.8286875,0,39920.2715555556,30390628.9094474,5740527.80615401,5449452.08972029,7379033.29822776,13451094.5401096,7556128.18195092,8074666.80075015,NA
1975,1373367.20562361,NA,4508687.53370058,0,1697198.1145038,1425965.32647503,8689669.34079081,NA,58970863.5179863,189107434.524104,42937865.0688542,5814488.03753542,5249820.88196974,23623548.1777347,181941.201462401,2840741.85803075,9083725.28566487,62609231.6474215,546112.198898838,1045124.84356848,4792331.38555521,2449128.98999721,13182198.4845698,34846268.2227894,850625.749093728,34851.4371546296,10374.5663958333,NA,322239.319527026,2367495.75164329,4502137.48819173,8655897.31551507,46371727.7901277,17153.9860208333,NA,17203.7993301282,67366891.2840259,NA,19850532.9567872,9111680.23547651,444136.715777199,32775750.1087033,16105445.4924279,21636101.1945777,1772987.64299444,172774.71496875,6350877.90822674,107315.999502315,NA,32374.4331331018,23301660.2820384,3066614.48605737,3026605.93679666,4727236.17463156,11582636.6241589,4771303.4336294,4047472.57813351,20485060.2762204
1976,3871275.67822315,NA,3078089.62772752,25128.9568112086,7634624.00007403,1686099.48474036,13086923.2074846,NA,48458100.2485007,170342671.468253,21332880.8928164,1583063.73448921,5662060.31000089,20593355.8073752,179824.94236814,3522032.44509038,11922718.2269157,115022279.014182,2789193.99584745,1173581.9478549,22242893.8549942,2889252.49126709,11060051.1731768,38930229.8274616,2399745.40692986,72704.789157197,6401.40286160714,NA,339388.256463194,2374535.79641946,1697224.62160261,11846430.9408079,129822788.416746,535601.11103761,NA,108341.883799026,45554759.3926992,NA,20779033.0573362,13280627.4204094,91764.1538259575,44884390.5021462,15944010.5508557,16324986.0945344,871757.394410088,NA,4025152.00258093,30343.8379285088,NA,27479.922412037,37057935.2100743,5847972.21846102,2678017.1205407,14989729.762007,13931612.1052956,6693583.44688049,5355269.43051297,NA
1977,996034.317620933,NA,2965577.36313685,6103.56180555556,4226035.28104402,2933751.34734065,13469313.8166149,3300.93785453216,55434255.0096646,175610703.56484,32522324.1125472,1989025.410179,10423562.9468603,24174347.1568397,72809.6447739659,3005319.14535972,14686613.4090279,114813182.616338,1770049.21329157,1131566.95929288,27733411.9153198,5203493.91844579,13183926.3172139,17883869.3259765,844201.749336319,6135.41942083333,0,488833.071128675,249556.615589519,5091643.47448686,904302.168113744,13775268.7165706,62892484.5743007,835135.533147312,NA,200992.181772178,34005468.767746,NA,15990748.454458,12968580.8896372,534736.45616583,24869870.5734368,15908567.8989717,13169123.2127229,462780.555151362,76519.770338141,3994136.32784083,508343.332680556,1965.04916666667,464016.83534838,31891629.4831951,11798603.1455609,2129238.8325716,7385205.7455068,29184122.4536597,6245007.64074447,6053390.85352245,33445768.4436323
1978,1033953.7867097,NA,3076685.08996956,1931229.32688497,11590668.0342078,1426052.99336843,14235084.19438,24922.2342918382,70947961.7361737,593633351.468445,14891702.4591827,2624008.53961567,7691512.76316117,30041464.537546,196506.359865568,6220914.25235054,14847621.6992792,126888031.71339,1597021.55514968,1873609.92269115,14828434.7038255,4201206.26464103,17839678.1239705,14926286.2869636,2516269.83962263,19043.5961689214,29449.9338240741,425924.401326316,475836.075162935,4683318.97180001,1475017.28202909,15313190.8508413,80590948.397168,48989.2711944444,NA,30405.5095979345,38019540.9108685,NA,23172231.8969868,9076467.96886838,181354.666803722,28923050.9992452,19727559.5788162,6363184.60061729,NA,43528.8163888889,2297982.11736694,170254.963111912,0,146052.82501397,29481316.4764635,13724465.8641011,3237258.26660815,7260571.50022465,44129511.4482789,6719123.22022091,6496777.35851295,17267237.5170315
1979,5230690.11320357,NA,3712272.57906364,3696298.14987304,8904945.31411886,1933397.88509585,35456368.7555818,1251.82260147392,56799026.4166557,220042673.808006,9238039.95762056,5001282.03970405,15461550.642067,22804006.236644,76936.3378588034,3609173.90244721,14197224.249654,97877289.9933655,973161.061634145,1956711.47333546,26330653.4693547,3253399.99582251,10810619.3133294,16103678.0794697,956431.391335396,16023.6361479167,1004.8546875,839785.343110953,807170.485098255,2422419.82284386,2122870.36264969,13531364.3039817,65090623.9559878,1114329.8840191,NA,18413.0303934936,41599332.3552371,35728.1666666667,13711918.1511439,3648346.36367387,137620.22640043,17576708.186903,14813048.8448542,14128383.7057971,70689.6664236111,NA,1633002.98506944,54053.5261517857,1579.97892592593,134263.472986111,20394466.2115751,15786095.8959814,3592294.86471583,5417074.26059441,32657143.4889439,4865859.50950524,7165592.55812354,8708666.34054836
1980,2590031.22453869,NA,3522209.16941461,16666.5685026575,11649815.6875741,788107.767589258,26968434.4506905,NA,54051464.3072093,215152721.821235,10526088.0184929,4164057.31718441,8072597.99588232,35574515.8702949,242459.657168943,5518349.455606,11116405.264977,90818732.1267077,1487160.25414639,2331791.91477459,19968494.0022548,4165311.2754594,11716126.397796,17486470.3348814,2710971.5207735,31162.6031912037,6668.66230833333,689967.903899256,1154096.22849549,9264105.87660551,1985582.09484017,17139655.6026614,56838624.2667009,1105809.63838738,NA,61412.3481796131,29705086.5861709,NA,18097163.4628699,2907989.78559924,172481.718868633,20907490.1602358,19989586.613205,7217060.29765198,1482623.9918317,93585.4665625,1860116.72493702,34927.5579986111,119.093888888889,145290.267891162,37713749.7041315,14519449.2886286,2671415.04459939,6625497.5284735,33224621.6565582,7431332.98873148,10547817.3891959,4884549.55705618
1981,3604594.09463705,NA,3950006.23155749,49951.0872645089,24058813.5171938,858741.657610248,20812125.5695286,1558.00326785714,61852440.1609813,328416229.766896,13544658.9371386,2858685.19591984,4423229.66816291,27577528.4948584,161381.03591294,7408728.01039952,12158031.0735019,88194984.1514224,2073943.88861192,2176909.9072121,31173860.6396714,3653987.36461496,14120343.7904206,18363763.744166,9126532.56625809,511173.923751515,22795.3146701389,2318787.35240744,454576.190114707,8801452.83457499,4814796.43216238,20129279.4268951,77195612.8932162,112989.582746528,NA,48763.3625572804,31065326.1914002,2310607.52864583,19250871.8448513,14459339.5404953,164815.13709404,15596472.6367491,18245664.3395525,10266756.5047616,248283.962208333,15541.7525,2129488.17175185,88437.2257888158,0,47566.9498928571,37697108.4781472,14782923.6097089,3566341.47228796,6896488.08790149,44364015.4422508,9223592.88076504,9940483.45445384,4857986.89862523
1982,1117739.16988958,NA,3396559.92285476,138.446645833333,8502423.41956799,444226.670652381,15626531.7451292,NA,103427910.52432,408198948.892102,7937085.83991007,3166691.8314871,6152851.96305708,25037510.8369246,178466.408532086,6590151.43543971,11152897.6580872,47875284.972999,588233.361176355,366030.911470667,2149032.12236864,3541387.12408073,29706712.6151973,21407832.5251539,2996390.66159504,213498.274804861,63577.3953292411,NA,180983.633428819,7011682.14670275,1521470.87907713,9625138.01273199,50182881.7191758,NA,NA,2746.6028125,14387634.5399499,1225848.28506944,15066894.8173999,16978605.4394197,100032.4689146,15104634.0092556,8915241.70839233,12858083.789745,1538162.86397123,NA,3015829.1396282,34080.2049791667,NA,NA,14320814.7349328,10261933.0665254,1723645.55615417,6698514.2647794,46541069.1930272,3811642.1344561,14472830.7414392,9098396.08044762
1983,4205342.17463889,NA,2679474.98909187,1602.98247767857,8451966.55615182,741305.213902513,33944438.5645927,NA,49064872.8681403,266015552.124413,21306890.9860603,3172674.98440875,4511451.48124858,24699857.0624409,472881.528711987,6603949.91102614,9270566.17710109,44812859.4247703,2014046.35133662,826789.870150773,772061.611316955,3028446.02474291,25425292.7952543,35069870.2213577,817638.945299306,15483.2476270833,18581.77288125,494893.469342834,114955.078515278,12895095.2841181,2700327.02734524,13490559.8904771,25077526.0514062,167424.422010417,NA,9146.41066666667,12176045.5961779,931172.04278125,22811543.1357121,12050859.6830072,86303.0985579861,18445881.8561503,12638192.5921526,6988964.19536141,915971.430472619,119064.115416667,2567006.12404049,36794.0569722222,0,NA,16887238.7575134,17453355.6695591,3070206.99345168,7919598.11119314,89233416.9059524,5896397.69801173,11911191.3876566,6412486.66223381
1984,5856727.81144444,NA,3461022.26393666,0,3513457.41081345,536939.891445982,24627365.4741935,NA,48602854.2978795,278989672.514633,23424337.4064379,4816240.10672164,9757145.16349257,26057620.7734137,79026.9346490801,4992464.82344754,8353355.90164896,36375076.1214088,394584.30867803,1389885.14425352,1571229.16290368,3775534.65765792,21557899.7906156,35558565.5170418,5875270.88235627,234897.064760417,3479.03022916667,1108400.49879827,49955.2715006944,10830444.0312835,3362803.01766708,6103146.54537791,21627698.4931556,31601.5634166667,NA,24691.7359833333,7494517.82281173,3676428.35,12201293.5765868,6453593.83054815,199028.197170734,11959950.3962101,11692680.0697012,10939146.7070734,1005430.8041875,70741.77,2035092.81371852,43337.2737175926,NA,1685.17852777778,15762610.0961373,11903151.2336827,1877126.27795815,9600066.64539678,82912174.3750679,4837332.92936624,4278002.56554275,7029727.12365456
1985,2326800.83105189,NA,3036007.79677044,5052.59206960227,2276001.19799995,434478.833269036,34075723.1229137,14150.9060119048,43950229.929969,623747665.538608,20090583.3336965,3963201.52375487,3875257.28186008,25416002.7709715,64939.2729055339,6044306.17190381,7616879.45000525,36424209.4197159,355132.123472696,3586082.89365324,1234078.47334097,7587803.26577368,28061214.8279768,27836270.0134914,7266875.59316628,8037.68909464286,45617.776044691,NA,219540.645036078,14093412.4492915,2229680.18262508,6495698.86636002,52076758.7842469,2261076.38025694,NA,94571.8616972222,24789078.6184891,2738808.54280754,15477123.8217079,16898517.9054166,86483.0965976506,24060151.6497319,15907581.7454843,16162156.9970406,333117.303943452,320149.893452381,2853005.74367174,33495.15625,0,24749.1562511905,18865126.5369389,10169012.8829047,3005499.10837998,6397961.16814613,99495316.8033869,5379789.08099509,2815186.72654993,12170244.5704955
1986,2186691.421862,NA,4637453.90706379,468.9321875,1837249.93467026,951623.890997239,19005058.3713537,15941.3124972222,29719498.0776305,261579795.265023,10454953.622428,1213910.39871429,6808378.55053189,25402418.6739187,107022.971615775,4101727.77594821,7681731.81974448,25532386.2258362,995020.176123444,10601828.4164473,860846.445155124,4737530.37009341,13913704.8653302,22330022.4384854,2751516.61196921,1287301.47607292,10750.7542173611,1529840.38629809,171748.019312698,11901739.5229536,3026834.37560523,4353686.29952749,16853056.8836704,1721368.82126687,NA,62017.5099526042,17691568.8781453,509840.938333333,11514951.628055,6046327.01225251,146788.109411706,25871203.0153969,12338545.1466096,7199629.53846217,62292.0585833333,168994.228333333,1892440.00094443,5631.65227083333,NA,67222.5455833333,22251466.3135836,5376165.65393678,2669419.33573371,3466648.1546312,80671049.7507059,2789325.96694726,2638348.58025747,8952490.48673028
1987,272208.4358125,NA,3209945.51748729,0,992176.648753542,778389.476071235,10031909.6906046,NA,21799208.4329405,432280450.93905,11657856.0110377,1617078.70683542,5465508.52198335,21447980.5265073,78435.2369011774,5170991.76626004,5219894.78791514,20672911.4504448,1019258.95802715,9889358.29924106,5059269.35677979,3973812.30739342,22670913.0587088,9261425.30220012,15429811.3229698,50142.24890625,933.398354166667,948332.727833333,315673.95400465,5283740.03758055,2572083.97526184,3862930.67903715,44431796.805177,341114.67125,NA,19002.9186458333,18388769.2330829,0,8593637.62523869,6213845.90069164,55693.8849704861,24318729.0305637,6745825.47819322,7041707.68873542,694879.346510417,25545.6391666667,1220110.05440144,11995.7319583333,NA,28342.5591472222,19236884.8295531,6871308.072483,1909707.72855696,3898042.48372893,77579758.3788041,1319562.28681166,1806339.78405976,11613826.5078511
1988,1774700.65971875,NA,1571268.74683735,0,4135314.54337812,730054.726131746,14156188.5483036,NA,28641208.6860542,444959701.528737,2799627.87785417,643966.709010417,4347514.59464686,25500639.5708674,78512.2567323935,4088109.98995278,6296419.2833836,13785721.1686242,124671.948909722,12677307.8635736,9447638.37281048,4407869.57255965,20013564.8941882,23401473.9597537,8915170.42497766,1073921.38068601,4756.3121875,1308728.52956032,55369.7262916667,6951278.10247257,2958384.76939849,4127527.73754086,25458971.8276815,322625.345,NA,60332.7514434524,14703951.8111017,373359.341666667,8291377.40056294,5394702.15502907,151367.65224127,13828008.9795259,7706291.25022774,4394058.85750792,3592660.79223661,34584.8653333333,1531099.01380568,NA,NA,5738.83677083333,16417386.2476152,5987960.19796147,1375600.50640625,3269981.55948949,71310390.0401814,1718532.89272101,1575106.88647694,14120829.3338623
1989,2911490.68354444,NA,3390430.60699573,4939.12130694445,2185718.49036231,332476.961623016,26434673.2430916,NA,20912730.3304019,275317618.219255,14923978.8968433,1208880.68098472,4596166.82087631,20854488.5732267,289632.769214464,4860454.43410833,5254623.15908662,12061148.2338595,306602.155454167,9863938.66489273,8805017.06386499,4534386.9939348,27897926.2293444,28420720.5907334,2235336.94768626,102793.891118452,11679.3888159722,2089635.46544907,117161.590541667,3792123.23480853,3281456.86486585,2967827.14187861,10254760.7401908,95751.4866666667,NA,112078.257523107,9481427.61738281,580404.0675,9974882.95850417,12594232.7463186,85548.7025721726,22360077.4135708,9481005.46321907,8217676.17805625,342722.43875,28913.018875,667598.938262417,1951.65110416667,NA,8034.37147916667,15050389.5775417,4140924.35039473,776822.492229861,3323548.69687253,47916721.5655264,1304419.1420021,4095016.13522407,8144358.66008562
1990,2037121.47060675,NA,2467314.6130717,0,792560.852163245,593349.700822818,19280478.4138129,0,26253779.4796617,555281632.33262,9964797.4577879,1001340.60964067,1802290.57377299,22679141.356031,191932.442910079,4587150.00151322,4809273.3488129,10426822.0011812,415037.811190625,6648051.84840863,5997554.38074883,4431244.62818093,19482660.7243983,21480631.534657,5785578.69535706,14804.8590625,21923.6962708333,1770238.11068495,148507.697566667,6635569.02506628,2705053.80686715,5992044.87396102,6321895.99896029,NA,NA,258298.992660317,18909351.2347551,644781.7578125,8530034.5007378,7175922.89679638,68343.9634145833,26607338.7117747,9287971.16782055,6744610.79935526,2734476.80033393,359304.774104167,788213.110265427,NA,0,NA,35524760.6088136,4193632.90438096,898379.119639116,2817327.48620145,49923892.6547349,922312.524330672,5993049.73292505,18288901.9092998
1991,1375797.91189583,16881.55875,1175994.81403252,NA,1013660.34077708,287510.777695685,13111005.7216777,NA,15800940.0704016,482668206.631643,11213179.4125069,838046.576364583,3225518.04286132,24311153.8925769,85023.2326875992,3648433.34552607,5995243.91453512,18212198.4934801,696345.211515129,23508931.8685583,1941717.25484383,4535709.90019485,30584925.57023,25741393.7326408,14292275.4521614,29955.8347395833,5779.03095833333,1138033.61922688,250648.968351852,5331342.85676388,201403.055143543,4052307.27037113,10241780.1194937,56343.3188333333,NA,158356.767494469,13371331.3290197,NA,8658012.19843604,10656021.249279,222455.226943287,18456584.1747408,9820614.03274333,4004904.50129315,1225468.46063095,574225.327677083,1084225.19255179,2675.14647916667,NA,13019.567234375,23604280.7146304,4446154.96781198,918754.122986806,1924852.87517463,38750652.6815086,1494303.4238067,3717069.61276887,13801602.6090312
1992,4362448.89758542,NA,1861070.26261141,3023.19836944444,443480.926366588,1036346.45911117,7931581.35353807,NA,20868412.1304519,735660309.221105,5315985.43289375,561155.198706845,3807169.18784986,32800997.5918104,229058.27613425,7090603.81622535,8186503.62605751,10926464.6584126,337118.956764423,28007593.6929483,2370661.76136773,4070689.85396455,79269181.6283827,13843539.1511378,22458635.4882777,97930.0116291667,70112.0610625,894529.024425139,77034.3933541667,21613133.3370281,289938.313832829,5463576.0729754,8705957.26040148,13987.57725,NA,36269.9109438244,27235407.8810796,NA,12853174.4188791,5509256.06351425,258915.500915562,24150490.2416882,13254308.2278804,6950221.22122024,1019960.25863194,848225.382180556,6050193.71105048,59657.1062916667,NA,8333.594875,22364256.3386476,6655635.8611545,629474.23256411,4831955.63160808,60375134.8131653,1538351.71399236,8276811.34051598,8643713.46477635
1993,281095.316535164,65404.6624365079,1570676.86489044,0,623365.141534137,1095368.15855885,17827130.2471994,1101.61847222222,14425612.0583927,655202892.901169,9828124.81983005,2143959.6086064,2676617.34436022,22270258.0592868,379376.885790575,8586562.89304958,9329281.42373814,8708217.24903604,152823.26312037,29977186.0160195,4701116.2620742,3765819.09353425,75752016.3593643,15473660.3177569,15230560.1264426,33661.2339725543,3510.292375,1411703.205911,61590.88868929,21944956.1424413,132049.514628609,6110631.36788526,3970079.85505191,114365.8615,550.809236111111,92253.5963606316,27387214.3623318,1306556.72489583,13988746.7229623,6002712.44692171,715042.812110708,18502162.2538335,15206655.8047743,5753590.05771346,526362.508737374,1659059.45153611,6394682.31884572,15670.8205020833,0,193599.025777778,20165644.7865159,3739887.74839402,1688418.68846627,3301871.55737972,29694953.0508216,2016596.33623701,2520177.42358755,9308375.91973365
1994,532779.612272222,NA,2672393.09998922,NA,184208.520650224,313629.338629787,26726700.875728,NA,12949372.0438094,575249321.955204,17265248.2955889,2336729.37926769,4618470.55292166,23838871.6569997,217112.503508606,6434396.57278634,6000847.91868588,14537848.0473332,82813.0183106061,14800840.1254743,2266725.15976172,4160454.64102528,48818425.5023033,26696827.0572615,9176301.3529565,68757.3680763889,501.980741666667,1864745.59613443,67479.5801928885,6607362.18043486,664851.810230203,6879571.92272621,2986218.15513844,88266.43575,3327.18552083333,24657.3330484897,10301547.9483514,1201433.64609101,10536723.0141164,3124427.46329857,741808.989216844,18638436.9153805,14320775.6103854,20394794.6580645,6464733.44681833,4303445.26938657,6146208.67597347,93319.9707429895,NA,NA,15247122.8023406,6407584.84702222,628584.887943653,5567355.13158156,18069562.1881018,1595564.11549022,4684031.59687036,11243483.0374736
1995,4626033.25983805,NA,2107916.01243412,102254.459602083,224966.183510638,669632.149270081,14485030.2495452,11775.4082638889,19888353.4113106,604790747.558679,27810764.9756241,666982.034173539,11819166.5677691,25569754.9861397,117557.933048324,6950564.21285941,9004469.47196297,30003132.5032964,161375.426859407,40952484.9096659,1686301.67003674,4085645.83552925,80932283.009157,13671646.2592536,39073394.8741148,101073.683581655,14315.0854444444,2742556.58687707,64663.5156458334,9627616.69116827,4535416.90486317,7833611.2015347,6964635.11706695,36795.5456458333,NA,105189.266343735,12567114.2622073,150169.950520833,8109910.19759883,4001255.15111384,487573.847484888,21899324.7232642,14404655.863797,12318108.9766357,381737.59675,5138883.55899909,6448471.12468636,22883.89075,214.369,18066.5429444444,14921191.0740714,6231836.60957255,686763.823406313,7391032.99669073,39522220.4921471,1691544.27045958,6107779.18354626,17110545.6134071
1996,4720957.4439753,NA,1168145.27153511,16746.1745184524,6858929.60636353,913093.102427691,5970897.96695822,NA,16400532.0735677,577335616.115203,7245097.48885239,765574.272591897,15404995.783591,30581760.4115628,68307.80730679,6035454.35867022,8963194.92900989,29358035.9528694,383842.581236111,25489064.5139546,2856130.40301821,7429788.77640206,90235596.7867124,8755293.2021432,24299980.7985721,19497.821421149,12007.2160119048,1419674.73055255,54352.3569304029,9904976.21692899,2080903.09676555,5928474.6011328,3466203.4311482,NA,NA,49185.1806416667,41815276.418848,172066.850666667,8853107.2342827,2692475.54579999,313656.800762451,24359361.1801142,21006809.3360137,8261524.16591864,551017.650416667,1803823.50037254,14987984.5177233,30361.7960333333,NA,5313.28878571429,11149169.8960442,7396026.39252492,483383.449363021,6991356.21417911,42351027.5867322,1833666.22875723,6605104.95335787,14067359.709068
1997,1083816.16884375,NA,1507145.49435974,13576.3311649306,547429.464644972,712964.93519704,13512915.5563616,6898.78418181818,14096128.2886284,501501633.706765,5335451.54556698,4707490.35148662,6119877.99600264,27445438.5889643,222380.121447746,6538310.72705192,7776640.54082328,26533783.7922922,422749.46304213,30251760.3127476,1435080.00616035,6560008.96738844,66002138.5489973,14988195.4098172,13069491.8815825,36945.425305,48398.4804384921,1835206.70517615,81875.063712963,10842871.0804898,1675472.76111624,5815406.31398386,9732020.76707983,321817.198230114,NA,117550.959504683,50470372.123319,1510437.28308879,8770950.25548919,3500674.38656016,55480.3489188161,11210870.9450272,12846546.5771212,16137612.427786,1099290.20022784,2067854.30790427,8281649.21169442,46589.5293333333,0,25560.5259027778,6675774.7596904,6705394.79416241,439223.430046329,7595450.9964128,25603297.8790065,1855206.43861939,11508269.2081417,14775791.9180565
1998,4739416.48635069,107781.005043478,1533941.75335064,21201.9683673262,793705.440049257,959044.586522876,14359279.0437022,NA,17449194.0687759,509883690.850166,13892842.1131701,1122536.37945482,6451963.77805798,24448081.2019138,197358.885626603,7438452.13315999,5641374.9106254,12500022.2879591,477020.557231061,21328188.8117654,2767868.14234221,5763993.99563658,86318384.2954287,9597249.38786835,9937067.3576153,4124.46732699275,14058.1829126984,3078416.98269142,61378.4383214286,6187506.973688,4200518.60420913,5705782.10194124,6238688.84163944,NA,NA,78526.6362301934,35925940.8582654,917896.795854167,9500576.17354131,5955304.60284408,204521.898311379,27550006.2073221,13142398.9584839,12196167.7181745,1017315.50051193,1423506.92378472,8909691.67726788,2192.81622916667,NA,9182.13883333333,6114430.36314772,9714277.94217326,196851.483636292,5559462.66642317,38500940.3850818,1999191.18472149,10233118.6146555,29898676.0500357
1999,4127345.77333043,4788.85033928571,4654300.52194324,23643.2650923701,453458.010694941,722576.927114996,11953368.9985568,NA,16411755.0411216,604376527.170558,31812617.4706319,2175038.10610099,5571254.84119837,29859303.2839436,423328.511793678,7640523.67909387,7785815.0265055,43528693.9959168,629642.107225284,30627224.5447428,806227.241775881,7420526.30779709,95683198.4563325,22590658.9494526,11725243.6611475,123664.116875,47848.9472083333,2218663.29994731,89619.4273948413,14389051.5829059,2401262.56256063,7204548.58145279,7231168.04322651,97671.875625,NA,17209.81128125,40726090.7590038,2746991.16213768,10398720.7437825,6281697.44753804,426329.54417824,23571523.1097286,11267409.8993381,12894723.0072616,84280.51215625,942019.185378684,11774934.5906266,16591.2673958333,NA,2166.65810714286,7863633.02554584,9666364.03844265,509995.29252004,8369731.19358114,48331643.6344956,2531904.10420899,17421168.2372778,22128656.9510181
2000,5908614.18133121,NA,1443876.7642532,50428.0906729933,210360.341142928,1331239.91129228,18093851.6324368,NA,18061937.8799375,424369571.990469,23378938.2869021,2936293.85914079,5808432.65575391,34048340.4670144,615464.142661043,8781061.96396143,10623613.0731091,46242795.4892852,82789.6055347222,17588212.6440943,1426009.14794148,9157357.8373131,76315228.387023,31221896.5461884,13406811.4815974,3803.26334166667,6349.29928521826,2069017.25972927,71274.139983428,8760405.45520619,2556524.97953573,8087498.62886371,4581378.23502851,77851.6751666667,NA,55028.5648335318,78061450.8217061,784195.094155303,13111921.9631229,10314164.2946863,341017.647207653,31337005.2526865,21330271.3718709,17372463.8065489,493853.328086806,2666456.55962946,16916536.6340898,24797.5806770833,NA,28111.3681354167,11762700.2082224,13811159.1113893,368629.825604167,4761307.48356264,36039305.6312951,2507576.15749828,11500081.9227592,58672431.854631
2001,1356394.30186083,NA,1500694.9795359,170403.314045679,1094401.32379691,2363199.4362085,11883116.9448287,NA,22415565.7001891,459421209.024716,12511113.0835548,1360050.80010209,8623681.70601353,36468698.6762359,456053.371313666,11127206.966342,13472678.1584524,39623340.5651129,1070847.12347005,24126987.1550896,756918.72660009,6559745.06739048,75730363.0748053,17333448.0913164,30808285.3456922,18594.8136620833,16134.5778297211,1126838.83098626,571211.472577668,15463441.2713446,72940.5138036513,8014229.16153158,9048135.70326912,NA,NA,144436.24361293,62397793.7186226,645992.736538462,13761459.9336933,8047794.18075668,301999.038994801,29209006.8804065,19144076.0129531,25710833.3875551,67975.07009375,1432837.41810447,23824952.930338,13005.9458708333,NA,116241.211701567,15444357.3722337,9706383.14086259,260524.101555125,12816568.4396842,52144329.085556,3491385.76598496,30251001.8550363,56652055.9800638
2002,6680369.86732005,NA,2189322.49230545,353256.672185084,1170923.92936529,4187302.15960281,8426174.19840841,4298.60459902778,39061882.5858031,666956653.881513,30407810.6397809,1992661.22565698,12273044.338487,39113680.1532339,585793.193596117,10526063.884583,14724848.3131063,60316612.7924058,525572.559810155,36589409.3602944,1321198.23175308,10721329.8662369,92571143.2911008,33989923.2594061,16085480.0573967,39289.6396404167,8926.68020865625,1466811.52423568,305888.11289634,9172607.45217643,201772.656625868,6282399.20412001,13258643.069514,NA,NA,54355.0883247513,96368448.8967751,2709168.625875,12621976.5314643,32247592.7321842,84928.9021980598,17723267.9783637,25532399.8666765,24095233.066404,275402.738073452,3181949.86406359,24701342.8384624,22576.5009160714,NA,132781.879317657,15256575.1660816,13799920.6414996,456665.06587634,6100823.61450214,60176803.4555181,3590219.69329323,10589294.9377465,64836817.6990416
2003,4060336.26555605,NA,1922088.75900769,48267.1586621485,275921.846619621,5296318.33627991,9358247.67262386,NA,19663314.4426821,411192619.893411,22700739.5840483,1972768.37655843,2651093.98868852,53966664.4569318,350031.781996451,7449911.93435053,13205645.7611363,45685632.1875516,241558.736257472,21870901.7720196,4077113.10175483,10013660.5156572,72680502.4135942,14200865.6448657,33084557.0241958,28555.0760621119,3735.47517100033,1273195.34564155,318068.797924375,8511957.14258191,439270.495983408,4790211.71046696,14414443.2044412,NA,NA,399136.125093699,90797953.4340922,NA,6176484.58003101,5005401.48791895,193732.723895212,16236144.8894309,32473520.269812,78016609.0817652,181344.473025417,2946001.30555883,26229266.3518396,80673.2808584559,NA,144845.050080952,12600042.8243334,8788404.78924208,392616.493014458,3800160.14764607,27388653.8542375,3119294.2438414,7371221.52602938,70426868.707305
2004,4592203.40932391,NA,3002191.33064051,41727.4716779052,502198.187481461,2233084.23815883,11384136.3541212,NA,21636964.7200978,436035430.035353,25660876.4083782,5438143.08070052,4926317.95234476,37672024.1251505,225301.215738608,10669060.4669614,13232508.6716636,89403067.5089185,927454.378172222,19083843.0163707,1058924.41698032,9762505.77725675,89106129.7758036,12510639.5603557,16289186.3680117,13099.0943053571,646.230748456445,2879416.31414571,252075.713849633,6817894.17861269,545044.214290306,4149576.81429648,8082357.64343369,30572.5922166667,NA,117518.143662101,92801032.438925,633894.492225,7249344.39210385,12728628.4762419,501209.501093558,11323437.4458855,27190142.3114999,42685406.5841151,582468.262329167,1611196.59210032,21752396.6377435,16487.0527996875,NA,821660.253846839,10551678.7124449,6325483.35650548,326427.79233586,4350296.3590855,47756298.5624328,3168775.99713719,5457883.36166135,83488185.062264
2005,2319261.70938299,NA,2084464.7714356,23706.4274836801,1419710.9853901,1557432.41814408,4966743.94348163,NA,10301179.6846785,550699856.666503,28386694.6341492,1547674.60339047,12129906.982917,24020691.1478701,290663.093738123,5574721.74474122,9319680.30954317,59349511.5534027,1025427.22106786,19928357.9445495,1579608.13362669,6896552.39332642,65448366.4817332,18185851.2913821,31856214.1005207,155702.605996528,22361.9667168008,2142917.54652895,315049.885462616,2514068.24315673,117453.456537614,3063903.84884171,21523977.3651465,372868.525977083,NA,410022.467816834,87724086.530001,90772.7666416667,4191739.01749439,4180694.67913879,297572.159628611,6578737.66129228,14128146.8965529,14846642.841752,228123.897564583,3761971.91436537,13416313.7721364,114.799065520833,7.9718471875,79866.1482972222,10880300.9057354,7105937.6617265,55491.0290000261,2807570.89404414,25555617.5793079,1841253.14630907,4134620.67751248,79344642.6376024
2006,1473061.86117792,NA,2772057.25045589,20780.7392271061,820044.851193841,1100003.24733357,14019709.8607119,NA,11823506.0639207,694382014.5042,40181668.8030109,1983942.74025087,6947032.75079424,25234394.9996033,365027.574760846,8588001.51010476,12229314.404096,55442119.8967824,967369.926572412,20078474.7398815,6386201.16417048,9032565.40767015,72495534.167941,34321068.424613,21285091.1466162,17877.1900411409,1335.59115444831,3740151.60636233,142295.28997225,3008017.59611762,4642319.73104126,4289521.20572919,7249295.64954953,NA,NA,293488.056285481,56650961.3711106,550526.388125,5872208.40447841,10305522.2539321,480635.915162843,8072928.52747381,28135619.0784444,11936344.2585123,1377864.78796151,2002814.97788131,18212196.543824,28371.9157908333,4.8233025,30591.4771047619,6730393.48454586,6534350.31136494,221178.444683063,4015521.59358368,38874253.2845257,2241587.90967379,7723388.85586463,65098718.2760784
2007,5232480.9062478,NA,1723170.92665462,71284.0567950817,1654887.71697638,764856.890376508,10839253.1692284,NA,21673423.6543761,667672906.973357,26611933.307412,1157926.73556215,6913921.01852571,26471792.2937677,211976.730236164,8440554.92604157,9463862.18447092,74647777.8323565,720424.454716829,17492190.3753438,2466496.37679175,6926176.67803001,58417223.0587997,23331824.4790751,11811982.7413268,67686.8586292857,5802.80301057263,2830094.02687712,337563.708311944,1739881.84424113,4251688.83299658,4629525.35172023,9776159.65763907,62762.7771791667,NA,94019.5104788069,83462776.6042565,2543562.38965385,7587293.9342045,10872986.7325869,317576.768196923,13253307.7905783,41669727.0995038,24864534.8701082,149262.008485417,1969112.67142232,17784764.1248212,122966.593892269,NA,6712.13264111607,11688025.6204857,5784066.29748803,11081.0462314583,2983652.45060773,35498761.6816916,1930850.60757669,10803003.9382109,59769343.7548537
2008,1853632.61641144,24603.6065055556,2526985.99664304,87808.9029211763,2175036.33566046,380852.822197656,11024239.6958986,NA,19295805.7429326,457418046.299147,38105679.9139346,4340968.69738676,11940121.5257294,21707843.2487779,111552.761338633,4778593.22115643,4041892.09145279,41725317.5868957,887196.192593681,14817695.7401734,2713547.80397623,10467431.6532678,29013997.8598581,16436593.8113859,23242360.9258276,58173.58349125,27736.5811203123,2087258.35991583,38812.5346347917,1805560.28548689,3183055.36021157,5864134.73092164,12689873.1151969,242353.979745833,NA,22325.8257187083,102114076.701965,1588295.64916667,8105405.66182756,9559069.97851794,374693.462299978,14154911.8345987,10502100.9853925,10077752.7553178,1896492.33355908,1681469.73141012,4541538.77407236,12687.9651875,NA,4820.6228875,12583236.3529272,10929943.0446006,173344.054469635,1338299.12927717,39096985.9941573,2257974.80524222,7422602.89538479,77282215.5412545
2009,180564.452341234,NA,4097514.10264994,142970.691336978,1586110.26281338,893266.658009594,14679279.9522151,NA,17527965.8353578,383183796.63876,21721205.9853558,2654165.86788689,16915545.8525076,24541107.8411119,181176.131618781,4948202.51643963,2024876.67597126,57743838.2750661,735357.319288336,16715552.3598205,3184830.85940395,11861514.8021922,27071561.6376488,18755283.3532086,29187065.9610406,1989250.07393452,19485.4764439866,4366028.7970741,210766.886236667,1373307.96389361,16971107.4838885,3984868.75112892,3261311.62132809,10946.2170625,NA,140820.898583234,120908718.232936,469075.100166667,7838038.93894634,7658992.35526119,134318.661722037,15647506.772529,8267536.01696054,25107770.7927419,1092147.82844306,1561001.26510903,4405063.62750343,28961.7580490278,1022.04886770833,13312.7838321875,10827863.9627919,6839697.23913265,243392.14495943,1788242.36849048,50150599.2592653,1222388.83381795,7827629.08811555,101216629.306012
2010,91168.8068650808,NA,4411708.67429733,94075.181116891,835676.737252805,702202.230773636,14620314.3369102,NA,11638353.8783365,400068943.108055,10456514.7308016,5274631.01266655,13736425.5594605,18912279.9527859,211899.552927791,5144643.12798829,2361132.76377257,59281033.2627436,1084708.73978601,10885880.4479684,1418486.15869208,13775075.2304178,39740678.8368896,21782230.5083734,14650216.5993577,122589.651809444,21799.5540772268,3065985.02142676,176931.478746111,1058040.14198652,8294935.74990832,4358236.88236099,6310718.78046867,25554.66052875,NA,162780.276913493,99110138.2827776,NA,9157660.2180967,13449342.1067285,113953.168788293,33460806.0174579,7929613.72503585,6270221.70105933,767128.994011111,5467162.80606406,3685898.88019372,9395.99796262153,22966.3930415278,33703.2901886921,15030592.7702766,6530581.39450334,364544.876161604,1894158.0884587,38881175.064302,1224979.83142639,8375760.29972104,83516491.8852977
2011,146351.897100506,NA,2574303.36632341,157020.135156078,2046066.37125002,392170.885646625,20681823.6342223,1631.92229267857,10312968.6516212,437274840.441708,11945931.3424936,1199752.04897988,12952534.9997004,18636742.5532654,153477.578551581,5285241.04128011,2924682.73047951,53975342.463793,649174.710537033,26606667.4058894,1824455.08507805,17868214.8457468,27597039.4831043,15486671.7016804,20966572.7224433,6123.12297680556,7857.36143944075,2941827.22623221,252168.316578945,841257.588179898,5588367.61322387,4936044.27545696,11755338.0117552,NA,3090.63528402778,122280.990306199,106103980.128574,418577.802604167,8232192.39538779,5677649.06554526,155022.617513814,27110872.2196533,9883778.15430507,8883680.5594815,NA,28274841.1030075,5212988.85338746,7359.10912916667,NA,5697.74193579861,14939179.57324,6509405.5425818,127632.831943141,1895223.56096776,33509575.3323243,1433304.16124266,4462057.15819672,57670248.1019597
2012,389652.836518153,NA,2893998.60123087,165858.055655126,1069821.28773056,846863.459352468,13117531.8116114,8731.82802618954,7039506.00560232,824077499.165383,22154561.7663088,2862499.59224202,11038949.7240328,21378974.3271022,218449.438453065,6226322.12284386,2830330.17933826,75328865.5845482,2766807.95271239,14345052.6967308,2004350.29707984,17967980.4515735,31181773.1776304,46300469.5254183,13872865.1449051,42967.4843570238,18456.8386260292,730022.345738947,150745.572968694,832705.281047729,5949202.42404372,4152243.48902263,4835404.3182484,NA,10636.4830041623,73645.7427084024,97249433.0661799,1500601.34258557,7361866.44725117,10711737.5852552,312878.319294039,47004237.911715,9542888.79184536,26924349.2021952,NA,1190964.15168007,4507981.01435328,13824.2708999947,1014.88834763889,7050.73783399306,12628049.6858198,8529254.23078586,461986.760154957,1920081.65582417,27577716.9118084,1202877.50375017,6094390.69884088,39032490.1309107
2013,35741.0224266369,NA,1242244.03621337,233502.296612367,546691.174566327,1393419.27975668,5509836.18715921,20239.7057045972,8015545.2017667,504129778.691645,42254396.1127067,2932573.8943662,10477635.1304004,16698561.8964489,89313.8723629494,4101673.69048791,2072017.54709892,141741774.634376,1039369.97180341,15884725.5181611,1018563.00595199,18572537.0788941,26177348.9022448,29904446.0981258,10790852.5891952,195011.278967065,19890.2908272946,NA,107314.892921597,552073.792707947,2141346.90266602,3654814.110094,3332244.77038558,145316.100438333,15354.8918915226,34066.315654375,65765330.4451242,9820517.8739981,7362801.94756718,4856939.27459635,648080.062297311,39456330.1805695,6622781.2223863,35529469.2042519,15375.0627384167,1385432.57177878,3943069.18683683,6212.77090166667,NA,12359.7200996181,5801064.81535365,3910302.32080686,85591.4525995952,2219199.84434643,17639648.7917746,723088.729844021,3302908.55112485,44513972.7724295
